{
    "avg_prec": 0.8726097166309855,
    "roc_auc": 0.9093386720579438
}