{
    "avg_prec": 0.890770513888337,
    "roc_auc": 0.9201231585341538
}